City_ID,City,Country,Lat,Lng,Max Temp,Humidity,Cloudiness,Wind Speed,Current Description
0,Sibolga,ID,1.7427,98.7792,78.58,85,99,2.37,overcast clouds
1,Aksu,CN,41.1231,80.2644,73.29,20,91,4.63,overcast clouds
2,Kushmurun,KZ,52.4503,64.6311,52.97,50,67,10.49,broken clouds
3,Victoria,HK,22.2855,114.1577,79.0,85,77,1.01,broken clouds
4,Asau,RO,46.4333,26.4,62.01,53,92,3.4,overcast clouds
5,Airai,TL,-8.9266,125.4092,56.43,88,95,3.04,overcast clouds
6,Concordia,AR,-31.393,-58.0209,79.0,38,0,11.5,clear sky
7,Jamestown,US,42.097,-79.2353,59.0,32,1,8.05,clear sky
8,East London,ZA,-33.0153,27.9116,57.2,88,0,6.91,clear sky
9,Rikitea,PF,-23.1203,-134.9692,76.48,79,88,11.03,light rain
10,Tuktoyaktuk,CA,69.4541,-133.0374,14.0,92,90,8.05,mist
11,Ushuaia,AR,-54.8,-68.3,44.6,65,20,4.61,few clouds
12,Platanos,GR,37.6667,21.6167,72.0,56,40,5.97,scattered clouds
13,Kavieng,PG,-2.5744,150.7967,81.5,76,85,3.91,overcast clouds
14,Puerto Ayora,EC,-0.7393,-90.3518,82.4,65,40,20.71,scattered clouds
15,Hilo,US,19.7297,-155.09,77.0,65,40,3.44,light rain
16,Constitucion,CL,-35.3333,-72.4167,55.04,94,100,8.21,moderate rain
17,Fortuna,US,40.5982,-124.1573,54.0,100,75,12.66,broken clouds
18,Bredasdorp,ZA,-34.5322,20.0403,50.0,93,6,2.3,clear sky
19,Mataura,NZ,-46.1927,168.8643,48.0,85,7,3.0,clear sky
20,Nikolskoye,RU,59.7035,30.7861,43.0,56,20,4.47,few clouds
21,Aborlan,PH,9.4352,118.5492,80.6,83,20,4.61,few clouds
22,Bayji,IQ,34.9311,43.487,78.26,37,41,6.78,scattered clouds
23,Cape Town,ZA,-33.9258,18.4232,61.0,82,0,8.05,clear sky
24,Faanui,PF,-16.4833,-151.75,80.6,68,83,4.34,broken clouds
25,Punta Arenas,CL,-53.15,-70.9167,46.4,66,20,8.05,few clouds
26,Hermanus,ZA,-34.4187,19.2345,59.0,75,33,3.0,scattered clouds
27,Cleveland,US,41.4995,-81.6954,62.6,29,1,14.97,clear sky
28,Vizinga,RU,61.0749,50.1031,36.48,82,75,7.74,broken clouds
29,Klaksvik,FO,62.2266,-6.589,37.4,87,75,8.01,broken clouds
30,Upernavik,GL,72.7868,-56.1549,32.95,76,61,2.75,broken clouds
31,Gat,IL,31.61,34.7642,73.99,56,65,5.12,broken clouds
32,Karlstad,SE,59.3793,13.5036,48.2,53,20,3.44,few clouds
33,Negara,ID,-8.3151,114.6025,76.17,89,62,2.28,broken clouds
34,Bluff,NZ,-46.6,168.3333,48.0,85,3,3.0,clear sky
35,Macas,EC,-2.3167,-78.1167,73.4,73,75,4.61,moderate rain
36,Yablonovo,RU,50.8523,37.3574,59.0,47,0,6.71,clear sky
37,Makakilo City,US,21.3469,-158.0858,78.8,78,40,5.75,scattered clouds
38,Belogorsk,RU,50.9158,128.4611,42.67,49,100,4.21,overcast clouds
39,Albany,US,42.6001,-73.9662,55.0,37,15,8.01,few clouds
40,Boyuibe,BO,-20.4167,-63.2833,80.6,44,1,8.16,clear sky
41,Doka,SD,13.5167,35.7667,95.32,22,100,5.93,overcast clouds
42,Leh,IN,34.1667,77.5833,41.36,46,39,3.29,scattered clouds
43,Lagoa,PT,39.05,-27.9833,59.16,89,100,22.44,overcast clouds
44,Pointe Michel,DM,15.25,-61.3833,87.8,66,40,2.3,scattered clouds
45,Vila Franca Do Campo,PT,37.7167,-25.4333,60.8,88,75,13.8,broken clouds
46,Kutum,SD,14.2,24.6667,83.82,11,45,9.06,scattered clouds
47,Hobart,AU,-42.8794,147.3294,55.0,76,99,10.36,overcast clouds
48,Cherskiy,RU,68.75,161.3,-0.81,98,35,2.59,scattered clouds
49,Busselton,AU,-33.65,115.3333,57.0,96,74,3.51,broken clouds
50,Pisco,PE,-13.7,-76.2167,71.6,73,0,9.22,clear sky
51,Korem,ET,12.5058,39.5228,55.54,93,99,3.2,heavy intensity rain
52,Pathein,MM,16.7833,94.7333,79.81,77,43,3.85,scattered clouds
53,San Patricio,US,28.017,-97.5169,75.0,94,90,11.5,overcast clouds
54,Kavaratti,IN,10.5669,72.642,85.55,71,11,6.08,few clouds
55,Rosario Oeste,BR,-14.8361,-56.4275,89.53,50,24,3.06,few clouds
56,Thompson,CA,55.7435,-97.8558,21.2,86,90,9.22,light snow
57,Urla,TR,38.3229,26.764,73.4,73,0,0.72,clear sky
58,Qaanaaq,GL,77.484,-69.3632,35.02,71,92,3.31,overcast clouds
59,Sugod,PH,12.987,124.0805,79.74,79,47,7.52,scattered clouds
60,Tadine,NC,-21.55,167.8833,75.4,73,100,18.61,overcast clouds
61,Pitimbu,BR,-7.4706,-34.8086,84.2,74,40,12.66,scattered clouds
62,Klyuchi,RU,52.2667,79.1667,42.66,52,83,8.75,broken clouds
63,Husavik,IS,66.0449,-17.3389,35.6,69,75,14.97,broken clouds
64,Kaitangata,NZ,-46.2817,169.8464,48.99,69,2,8.01,clear sky
65,Mount Isa,AU,-20.7333,139.5,66.2,48,0,1.14,clear sky
66,Yeniseysk,RU,58.4497,92.1703,32.05,96,37,2.51,scattered clouds
67,Porbandar,IN,21.6422,69.6093,83.77,72,39,9.26,scattered clouds
68,Dikson,RU,73.5069,80.5464,24.42,89,98,5.28,overcast clouds
69,Namibe,AO,-15.1961,12.1522,76.3,75,3,6.71,clear sky
70,New Norfolk,AU,-42.7826,147.0587,55.0,62,100,3.04,overcast clouds
71,Yatou,CN,37.15,122.3833,45.72,84,16,11.14,few clouds
72,Aklavik,CA,68.2191,-135.0107,23.0,80,90,10.36,overcast clouds
73,Port Elizabeth,ZA,-33.918,25.5701,57.2,82,0,3.44,clear sky
74,Sampit,ID,-2.5333,112.95,74.88,95,90,2.42,overcast clouds
75,Esperance,AU,-33.8667,121.9,51.8,82,2,11.5,clear sky
76,Lipin Bor,RU,60.2622,37.9763,30.72,87,76,5.86,light snow
77,Trincomalee,LK,8.5711,81.2335,83.14,75,100,9.17,moderate rain
78,Barrow,US,71.2906,-156.7887,21.2,86,90,10.36,light snow
79,Yellowknife,CA,62.456,-114.3525,27.0,63,20,10.36,few clouds
80,Saskylakh,RU,71.9167,114.0833,30.15,98,100,2.51,overcast clouds
81,Petropavlovsk-Kamchatskiy,RU,53.0452,158.6483,32.0,100,90,1.86,light snow
82,Vaini,TO,-21.2,-175.2,75.2,83,40,13.8,scattered clouds
83,Atuona,PF,-9.8,-139.0333,78.44,74,6,8.93,clear sky
84,Souillac,MU,-20.5167,57.5167,73.4,94,20,4.61,few clouds
85,Carnarvon,AU,-24.8667,113.6333,68.0,73,100,9.22,overcast clouds
86,Flinders,AU,-34.5833,150.8552,57.99,89,74,1.01,broken clouds
87,Saint-Philippe,RE,-21.3585,55.7679,75.2,78,0,6.91,clear sky
88,Te Anau,NZ,-45.4167,167.7167,39.07,87,14,1.16,few clouds
89,Torbay,CA,47.6666,-52.7314,57.0,67,75,29.93,broken clouds
90,Hambantota,LK,6.1241,81.1185,78.8,100,40,3.44,scattered clouds
91,Tenenkou,ML,14.4572,-4.9169,98.94,22,66,12.55,broken clouds
92,Port Alfred,ZA,-33.5906,26.891,62.01,67,0,1.99,clear sky
93,Hervey Bay,AU,-25.2986,152.8535,69.01,94,34,8.05,scattered clouds
94,Arraial Do Cabo,BR,-22.9661,-42.0278,73.4,73,75,6.91,broken clouds
95,Kargasok,RU,59.0556,80.8572,35.78,82,92,14.45,overcast clouds
96,Lorengau,PG,-2.0226,147.2712,79.47,82,76,2.1,broken clouds
97,Ribeira Grande,PT,38.5167,-28.7,62.6,94,75,19.57,broken clouds
98,Mahibadhoo,MV,3.7833,72.9667,83.97,65,10,4.79,clear sky
99,Tautira,PF,-17.7333,-149.15,82.4,69,40,8.05,scattered clouds
100,Berlevag,NO,70.8578,29.0864,33.85,83,100,22.37,light snow
101,Port Blair,IN,11.6667,92.75,83.19,75,90,5.61,overcast clouds
102,Lethem,GY,3.3803,-59.7968,89.82,52,87,5.82,overcast clouds
103,Korla,CN,41.7597,86.1469,68.9,20,29,16.28,scattered clouds
104,Bilibino,RU,68.0546,166.4372,-2.36,88,42,4.21,scattered clouds
105,Lasem,ID,-6.6922,111.4527,78.55,87,100,5.73,overcast clouds
106,Kapaa,US,22.0752,-159.319,77.0,78,20,11.5,few clouds
107,Lahaina,US,20.8783,-156.6825,75.2,73,20,13.8,few clouds
108,Port Moresby,PG,-9.4431,147.1797,73.4,94,20,3.44,few clouds
109,Chokurdakh,RU,70.6333,147.9167,-0.9,100,60,3.69,broken clouds
110,Cedar City,US,37.6775,-113.0619,78.8,8,1,25.32,clear sky
111,Qaqortoq,GL,60.7167,-46.0333,51.8,20,2,35.68,clear sky
112,Chabahar,IR,25.2919,60.643,83.32,70,2,9.78,clear sky
113,Swellendam,ZA,-34.0226,20.4417,50.0,93,0,2.3,clear sky
114,Manzanillo,CU,20.3433,-77.1167,90.27,41,75,10.8,broken clouds
115,Saint Anthony,US,45.0205,-93.218,82.99,29,1,10.36,clear sky
116,Sinop,TR,41.7711,34.8709,60.19,64,83,3.58,broken clouds
117,Uyutne,UA,45.1994,33.3014,59.0,59,86,4.79,overcast clouds
118,Avarua,CK,-21.2078,-159.775,78.8,73,75,6.91,broken clouds
119,Mangrol,IN,21.1167,70.1167,82.26,80,41,8.46,scattered clouds
120,College,US,64.8569,-147.8028,35.01,51,75,2.91,broken clouds
121,Ponta Do Sol,PT,32.6667,-17.1,63.0,60,71,5.01,broken clouds
122,Waverley,ZA,-25.7023,28.2591,57.2,67,64,16.11,broken clouds
123,Butaritari,KI,3.0707,172.7902,82.36,76,100,10.69,overcast clouds
124,Yemtsa,RU,63.0734,40.3329,27.64,75,83,6.82,broken clouds
125,Yining,CN,29.0361,114.5636,69.84,88,0,1.68,clear sky
126,San Cristobal,VE,7.7669,-72.225,84.2,65,40,8.05,scattered clouds
127,Nanortalik,GL,60.1432,-45.2371,41.04,54,19,11.95,few clouds
128,Grindavik,IS,63.8424,-22.4338,44.6,53,40,14.97,scattered clouds
129,Daru,PG,-9.0763,143.2092,77.68,86,35,11.5,scattered clouds
130,Roma,US,43.2128,-75.4557,48.99,53,1,11.5,clear sky
131,Poum,NC,-20.2333,164.0167,75.34,75,96,10.96,overcast clouds
132,Karratha,AU,-20.7377,116.8463,79.9,58,37,6.02,scattered clouds
133,Sao Paulo Do Potengi,BR,-5.895,-35.7628,86.0,61,20,14.97,few clouds
134,Cidreira,BR,-30.1811,-50.2056,71.01,60,0,12.3,clear sky
135,Port-Gentil,GA,-0.7193,8.7815,84.2,79,20,6.91,few clouds
136,Gao,ML,16.6362,1.637,99.12,6,1,8.3,clear sky
137,Colac,AU,-38.3333,143.5833,60.01,64,75,4.56,broken clouds
138,Champerico,GT,14.3,-91.9167,89.6,58,40,4.61,scattered clouds
139,Ribas Do Rio Pardo,BR,-20.4431,-53.7592,93.65,23,1,4.81,clear sky
140,Castro,BR,-24.7911,-50.0119,71.89,56,53,3.44,broken clouds
141,Ilulissat,GL,69.2167,-51.1,46.4,34,1,10.36,clear sky
142,Broome,US,42.2506,-75.833,54.0,40,1,9.22,clear sky
143,Geraldton,AU,-28.7667,114.6,55.4,58,98,8.05,overcast clouds
144,Mar Del Plata,AR,-38.0023,-57.5575,72.0,49,0,14.97,clear sky
145,Bethel,US,41.3712,-73.414,60.01,38,1,10.36,clear sky
146,Itarema,BR,-2.9248,-39.9167,81.59,77,99,5.86,light rain
147,Springbok,ZA,-29.6643,17.8865,61.25,27,0,10.67,clear sky
148,Visby,SE,57.6409,18.296,44.6,70,1,2.3,clear sky
149,Praia Da Vitoria,PT,38.7333,-27.0667,60.01,94,75,18.01,broken clouds
150,Zhigansk,RU,66.7697,123.3711,29.39,96,100,7.18,overcast clouds
151,Carson City,US,39.1638,-119.7674,75.2,4,1,12.66,clear sky
152,Londa,IN,15.4691,74.5191,74.35,75,9,2.51,clear sky
153,Havarna,RO,48.0667,26.65,62.01,74,98,5.95,overcast clouds
154,Lasa,IT,46.6166,10.7002,55.0,100,75,10.36,light rain
155,Mugur-Aksy,RU,50.35,90.5,22.05,83,75,5.99,broken clouds
156,Cabatuan,PH,10.8794,122.486,77.72,79,7,7.9,clear sky
157,Wuchi,CN,29.3786,103.023,56.03,91,100,3.74,overcast clouds
158,Mehriz,IR,31.5917,54.4318,78.8,21,0,4.61,clear sky
159,Viedma,AR,-40.8135,-62.9967,73.53,33,98,15.39,light rain
160,Tuatapere,NZ,-46.1333,167.6833,48.0,85,1,3.0,clear sky
161,San Francisco Del Mar,MX,16.2333,-94.65,85.03,66,55,11.34,broken clouds
162,Cayenne,GF,4.9333,-52.3333,87.8,66,20,11.5,few clouds
163,Tasiilaq,GL,65.6145,-37.6368,26.6,93,90,3.44,fog
164,Bandarbeyla,SO,9.4942,50.8122,84.61,72,100,11.77,overcast clouds
165,Tiksi,RU,71.6872,128.8694,19.02,99,96,2.59,overcast clouds
166,Sabzevar,IR,36.2126,57.6819,72.64,42,95,19.17,overcast clouds
167,Araouane,ML,18.9048,-3.5265,99.36,18,77,5.26,broken clouds
168,Penzance,GB,50.1186,-5.5371,50.0,57,20,12.35,few clouds
169,Bonavista,CA,48.6499,-53.1147,46.4,87,49,10.36,scattered clouds
170,Erenhot,CN,43.6475,111.9767,45.55,22,62,17.76,broken clouds
171,Kodiak,US,57.79,-152.4072,39.2,81,1,4.61,clear sky
172,San Juan,AR,-31.5375,-68.5364,77.02,29,67,3.56,broken clouds
173,Alice Springs,AU,-23.7,133.8833,53.6,58,25,3.44,scattered clouds
174,Zemio,CF,5.0314,25.1361,72.88,83,93,1.74,light rain
175,Saint-Pierre,RE,-21.3393,55.4781,75.2,78,0,6.91,clear sky
176,Kandrian,PG,-6.2167,149.55,76.01,89,29,4.38,scattered clouds
177,Sao Geraldo Do Araguaia,BR,-6.4006,-48.555,82.56,78,96,2.48,overcast clouds
178,Leningradskiy,RU,69.3833,178.4167,14.72,88,100,21.21,overcast clouds
179,Old Bridge,US,40.4148,-74.3654,63.0,35,4,3.0,clear sky
180,Vagur,FO,61.4732,-6.8119,39.04,67,88,8.63,overcast clouds
181,Eyl,SO,7.9803,49.8164,84.58,68,100,9.91,overcast clouds
182,Luderitz,NA,-26.6481,15.1594,68.25,45,0,7.14,clear sky
183,Flin Flon,CA,54.7682,-101.865,51.8,50,20,9.22,few clouds
184,Montepuez,MZ,-13.1256,38.9997,68.86,96,56,4.36,broken clouds
185,Carutapera,BR,-1.195,-46.02,82.51,74,74,4.25,broken clouds
186,Jinchang,CN,38.4953,102.1739,66.88,15,92,5.79,overcast clouds
187,Oranjemund,NA,-28.55,16.4333,68.23,40,0,8.93,clear sky
188,Namatanai,PG,-3.6667,152.4333,78.69,81,88,2.68,overcast clouds
189,Madisonville,US,37.3281,-87.4989,72.0,30,1,8.05,clear sky
190,Samara,RU,53.0,50.0,53.6,82,40,6.71,light rain
191,Komsomolskiy,UZ,40.4272,71.7189,64.4,72,75,4.61,broken clouds
192,Taldom,RU,56.7333,37.5333,40.46,70,61,2.86,broken clouds
193,Moose Factory,CA,51.2585,-80.6094,37.4,93,90,9.22,overcast clouds
194,Ola,RU,59.5833,151.2833,30.16,84,100,5.99,overcast clouds
195,Jijiga,ET,9.35,42.8,64.81,84,99,3.74,overcast clouds
196,Saldanha,ZA,-33.0117,17.9442,60.8,55,2,5.75,clear sky
197,Chuy,UY,-33.6971,-53.4616,73.81,52,2,5.39,clear sky
198,Lebu,CL,-37.6167,-73.65,55.67,90,100,14.7,moderate rain
199,Bolshevik,BY,54.0065,27.5692,50.0,71,0,2.24,clear sky
200,Matay,EG,28.419,30.7792,91.06,11,38,10.56,scattered clouds
201,Umm Kaddadah,SD,13.6017,26.6876,89.17,12,50,8.77,scattered clouds
202,Ostrovnoy,RU,68.0531,39.5131,25.68,74,100,13.11,overcast clouds
203,Mpika,ZM,-11.8343,31.4529,62.71,86,78,2.75,broken clouds
204,Gannan,CN,47.9147,123.5031,46.74,59,7,3.38,clear sky
205,Sisimiut,GL,66.9395,-53.6735,38.26,71,22,6.13,few clouds
206,Taoudenni,ML,22.6783,-3.9836,99.01,17,4,2.95,clear sky
207,Kruisfontein,ZA,-34.0033,24.7314,54.0,83,1,2.17,clear sky
208,Derbent,RU,42.0678,48.2899,61.52,73,98,5.08,overcast clouds
209,Iralaya,HN,15.0,-83.2333,86.0,70,75,11.5,broken clouds
210,Clyde River,CA,70.4692,-68.5914,19.4,100,75,2.35,broken clouds
211,Charters Towers,AU,-20.1,146.2667,64.02,85,45,7.07,scattered clouds
212,Trat,TH,12.5,102.5,80.01,99,92,2.08,overcast clouds
213,Alofi,NU,-19.0595,-169.9187,73.4,100,16,1.14,light rain
214,Zeya,RU,53.75,127.2667,37.9,74,100,2.19,overcast clouds
215,Ixtapa,MX,20.7,-105.2,82.4,65,1,9.22,clear sky
216,Mutis,CO,6.2262,-77.4044,81.81,75,41,6.96,light rain
217,Mae Hong Son,TH,19.3003,97.9685,73.35,95,40,1.34,scattered clouds
218,Bartica,GY,6.4,-58.6167,89.6,62,40,16.11,scattered clouds
219,The Pas,CA,53.8251,-101.2541,51.8,54,1,10.36,clear sky
220,Georgetown,MY,5.4112,100.3354,79.0,89,40,4.61,moderate rain
221,Lensk,RU,60.7253,114.9278,34.3,94,100,5.82,overcast clouds
222,Jinka,ET,5.65,36.65,64.99,80,96,3.04,overcast clouds
223,Novyy Urgal,RU,51.0736,132.5642,36.66,84,88,1.97,overcast clouds
224,Natchez,US,31.5604,-91.4032,77.0,57,1,6.91,clear sky
225,Tabou,CI,4.423,-7.3528,82.81,76,100,11.18,overcast clouds
226,Northam,GB,51.0333,-4.2167,50.0,75,44,3.0,scattered clouds
227,Lakes Entrance,AU,-37.8811,147.981,56.59,61,100,4.74,overcast clouds
228,Novyy Urengoy,RU,66.0833,76.6333,29.28,89,100,3.0,overcast clouds
229,Yumen,CN,40.2833,97.2,69.1,11,99,10.25,overcast clouds
230,Buraydah,SA,26.326,43.975,86.0,25,0,4.61,clear sky
231,Jumla,NP,29.2747,82.1838,52.34,78,70,2.8,broken clouds
232,Margate,GB,51.3813,1.3862,48.0,63,6,4.0,clear sky
233,Faya,SA,18.3851,42.4509,68.0,26,20,2.86,light rain
234,Hami,CN,42.8,93.45,65.25,34,28,26.33,scattered clouds
235,Presidencia Roque Saenz Pena,AR,-26.7852,-60.4388,84.0,51,0,4.0,clear sky
236,Bambous Virieux,MU,-20.3428,57.7575,75.0,94,20,4.61,few clouds
237,Coquimbo,CL,-29.9533,-71.3436,66.2,48,0,11.5,clear sky
238,Ushtobe,KZ,45.2514,77.9838,53.55,34,88,11.25,overcast clouds
239,Atar,MR,20.5169,-13.0499,94.59,12,0,12.97,clear sky
240,Planadas,CO,3.197,-75.6451,76.64,72,24,4.83,few clouds
241,Egvekinot,RU,66.3167,-179.1667,14.92,82,100,3.71,overcast clouds
242,Port Keats,AU,-14.25,129.55,74.23,56,0,5.99,clear sky
243,Zhelyabovka,UA,45.3988,34.7578,60.53,75,50,3.91,scattered clouds
244,Alexandria,EG,31.2156,29.9553,75.2,22,0,5.75,clear sky
245,Oksfjord,NO,70.2396,22.3479,32.0,59,20,6.91,few clouds
246,Severo-Kurilsk,RU,50.6789,156.125,35.71,97,100,22.68,light rain
247,Kudahuvadhoo,MV,2.6708,72.8944,83.71,66,17,3.62,few clouds
248,Lavrentiya,RU,65.5833,-171.0,13.46,82,51,4.25,broken clouds
249,Voh,NC,-20.9667,164.7,71.17,84,91,5.75,overcast clouds
250,Kampot,KH,10.6167,104.1833,82.4,89,20,3.44,few clouds
251,Suzun,RU,53.7841,82.3116,37.96,70,60,9.15,broken clouds
252,Hithadhoo,MV,-0.6,73.0833,84.61,68,95,5.5,overcast clouds
253,Ugoofaaru,MV,5.6667,73.0,83.61,73,45,5.57,scattered clouds
254,Dawei,MM,14.0833,98.2,77.41,86,40,2.71,scattered clouds
255,Imbituba,BR,-28.24,-48.6703,77.0,57,75,11.5,broken clouds
256,Bilma,NE,18.6853,12.9164,92.28,4,1,6.02,clear sky
257,Cotonou,BJ,6.3654,2.4183,86.0,79,40,14.97,scattered clouds
258,Kingaroy,AU,-26.5333,151.8333,59.0,100,90,8.05,overcast clouds
259,Ponta Delgada,PT,37.7333,-25.6667,60.8,88,75,13.8,broken clouds
260,Trairi,BR,-3.2778,-39.2689,84.29,70,84,7.14,broken clouds
261,Guanay,BO,-15.4975,-67.8797,88.83,43,8,2.53,clear sky
262,Olafsvik,IS,64.8945,-23.7142,37.63,65,47,21.41,scattered clouds
263,Bunia,CD,1.5667,30.25,65.61,89,99,1.99,light rain
264,Jalu,LY,29.0331,21.5482,94.6,8,0,9.51,clear sky
265,Pangkalanbuun,ID,-2.6833,111.6167,75.36,91,75,1.97,broken clouds
266,Wajima,JP,37.4,136.9,52.95,82,27,30.22,scattered clouds
267,Delta,NG,5.5,6.0,81.7,79,99,4.88,light rain
268,Mogadishu,SO,2.0371,45.3438,83.39,69,15,11.9,few clouds
269,Zheleznodorozhnyy,RU,55.7503,38.0042,48.2,42,0,2.24,clear sky
270,Mahebourg,MU,-20.4081,57.7,73.4,94,20,4.61,few clouds
271,Norman Wells,CA,65.282,-126.8329,41.0,48,20,5.75,few clouds
272,Deputatskiy,RU,69.3,139.9,18.72,98,100,2.53,overcast clouds
273,Aquiraz,BR,-3.9014,-38.3911,86.0,66,20,12.66,few clouds
274,Haines Junction,CA,60.7522,-137.5108,41.0,52,100,2.3,overcast clouds
275,Vanimo,PG,-2.6741,141.3028,77.18,88,100,3.67,overcast clouds
276,Westport,US,41.1415,-73.3579,62.6,34,1,12.66,clear sky
277,Paris,FR,48.8534,2.3488,52.0,66,90,3.44,overcast clouds
278,Asfi,MA,32.2994,-9.2372,64.33,63,97,22.41,overcast clouds
279,Odweyne,SO,9.4092,45.064,74.55,66,59,7.45,broken clouds
280,Crib Point,AU,-38.35,145.2,59.0,86,100,8.34,overcast clouds
281,Laguna,US,38.421,-121.4238,73.0,52,1,5.75,clear sky
282,Uyskoye,RU,54.3775,60.0047,52.14,52,100,11.03,overcast clouds
283,Nadym,RU,65.5333,72.5167,25.9,91,78,11.36,broken clouds
284,Tuy Hoa,VN,13.0833,109.3,77.07,89,14,2.08,few clouds
285,Provideniya,RU,64.3833,-173.3,22.35,64,73,5.79,broken clouds
286,Fulton,US,33.7668,-84.4499,79.0,31,1,3.44,clear sky
287,Broken Hill,AU,-31.95,141.4333,59.0,51,19,9.22,few clouds
288,Saint-Louis,SN,16.3333,-15.0,102.2,16,0,4.61,clear sky
289,Progreso,MX,21.2833,-89.6667,95.0,40,75,18.41,broken clouds
290,Dunedin,NZ,-45.8742,170.5036,50.0,73,1,1.99,clear sky
291,Strezhevoy,RU,60.7333,77.5889,32.0,86,0,4.47,clear sky
292,Madimba,TZ,-10.4,40.3333,77.18,90,34,8.05,scattered clouds
293,Khatanga,RU,71.9667,102.5,13.57,99,73,3.47,broken clouds
294,Bairiki,KI,1.3292,172.9752,80.6,83,20,8.05,few clouds
295,Mehamn,NO,71.0357,27.8492,33.28,85,94,12.24,snow
296,Lagos,NG,6.5833,3.75,86.0,74,20,9.22,few clouds
297,Conceicao Do Araguaia,BR,-8.2578,-49.2647,82.4,74,20,4.61,few clouds
298,Faro,PT,37.0194,-7.9322,66.2,32,0,14.97,clear sky
299,Svetlogorsk,BY,52.6333,29.7333,48.97,77,100,6.06,light rain
300,Tura,IN,25.5198,90.2201,71.38,75,31,5.79,scattered clouds
301,Mantua,IT,45.1667,10.7833,62.01,95,100,1.01,moderate rain
302,Katsuura,JP,35.1333,140.3,64.0,78,51,15.99,broken clouds
303,Basco,PH,20.4487,121.9702,79.29,80,11,8.84,few clouds
304,Canals,ES,38.9625,-0.5844,66.99,72,66,3.0,broken clouds
305,Jabinyanah,TN,35.035,10.9081,78.8,50,40,9.22,scattered clouds
306,Esmeraldas,BR,-19.7625,-44.3139,75.2,49,75,6.91,broken clouds
307,Mount Gambier,AU,-37.8333,140.7667,64.4,48,91,13.8,overcast clouds
308,Sobolevo,RU,54.4299,31.8996,45.19,70,99,3.96,light rain
309,Mana,GF,5.6592,-53.7767,81.5,79,94,8.3,overcast clouds
310,San Juan De Los Morros,VE,9.9115,-67.3538,86.27,50,81,2.21,broken clouds
311,Pevek,RU,69.7008,170.3133,7.75,95,100,8.25,overcast clouds
312,Mafra,BR,-26.1114,-49.8053,61.0,95,49,1.01,scattered clouds
313,Salalah,OM,17.0151,54.0924,84.2,84,20,4.61,few clouds
314,Atemar,RU,54.181,45.4091,46.35,92,78,5.55,broken clouds
315,Paita,PE,-5.0892,-81.1144,87.8,51,40,16.11,scattered clouds
316,Port Hedland,AU,-20.3167,118.5667,69.8,100,90,4.61,overcast clouds
317,Oriximina,BR,-1.7656,-55.8661,82.15,79,78,3.11,broken clouds
318,Anloga,GH,5.7947,0.8973,84.2,84,20,13.8,few clouds
319,Pasaje,EC,-3.3333,-79.8167,82.4,69,75,3.44,light rain
320,Sao Filipe,CV,14.8961,-24.4956,72.79,74,1,11.88,clear sky
321,Tommot,RU,58.9564,126.2925,33.22,98,100,2.28,light snow
322,Puerto Ayacucho,VE,5.6639,-67.6236,85.32,66,50,3.47,scattered clouds
323,Talnakh,RU,69.4865,88.3972,12.65,89,54,1.05,broken clouds
324,Camapua,BR,-19.5314,-54.0439,93.9,23,44,5.46,scattered clouds
325,Saint-Joseph,RE,-21.3667,55.6167,75.2,78,0,6.91,clear sky
326,Umm Lajj,SA,25.0213,37.2685,85.26,41,0,3.78,clear sky
327,Loreto,MX,22.2667,-101.9667,79.57,17,0,20.74,clear sky
328,Riyadh,SA,24.6877,46.7219,89.6,12,0,6.91,clear sky
329,Arnia,IN,32.5167,74.8,86.0,28,40,12.37,haze
330,Rajampet,IN,14.1833,79.1667,80.6,76,0,3.36,clear sky
331,Moranbah,AU,-22.0016,148.0466,61.47,96,98,13.42,overcast clouds
332,Soyo,AO,-6.1349,12.3689,78.06,82,100,9.19,overcast clouds
333,Benidorm,ES,38.5382,-0.131,68.0,53,100,5.99,overcast clouds
334,Necochea,AR,-38.5473,-58.7368,73.0,49,72,5.99,broken clouds
335,Rognan,NO,67.0953,15.3878,36.0,80,100,4.03,overcast clouds
336,Barcelos,PT,41.5388,-8.6151,57.99,62,20,16.11,few clouds
337,Tomatlan,MX,19.9333,-105.25,92.08,29,0,12.12,clear sky
338,Presidente Olegario,BR,-18.4178,-46.4181,73.99,66,100,1.01,overcast clouds
339,Muros,ES,42.7762,-9.0603,60.01,41,6,11.54,clear sky
340,Matagami,CA,49.7502,-77.6328,46.4,34,90,17.27,overcast clouds
341,Zhezkazgan,KZ,47.8043,67.7144,53.53,35,100,14.43,overcast clouds
342,Ambilobe,MG,-13.2,49.05,74.41,93,63,3.27,broken clouds
343,Hamilton,US,39.1834,-84.5333,66.2,34,1,13.8,clear sky
344,Iqaluit,CA,63.7506,-68.5145,39.2,70,90,18.41,overcast clouds
345,Maceio,BR,-9.6658,-35.7353,82.4,69,75,12.66,broken clouds
346,Chuzhou,CN,32.3219,118.2978,56.7,49,2,15.52,light rain
347,Palmer,US,42.1584,-72.3287,61.0,41,20,12.66,few clouds
348,Kunashak,RU,55.7032,61.5498,57.2,33,20,2.24,few clouds
349,Yuzhno-Sukhokumsk,RU,44.6581,45.6436,64.63,69,99,8.61,light rain
350,Beloha,MG,-25.1667,45.05,70.45,77,100,2.3,overcast clouds
351,Tambacounda,SN,13.7539,-13.7586,107.6,14,0,4.61,clear sky
352,Narsaq,GL,60.9167,-46.05,51.8,20,6,35.68,clear sky
353,Shar,KZ,49.5886,81.0453,40.03,40,1,7.52,clear sky
354,Napier,NZ,-39.4833,176.9167,46.0,76,4,1.99,clear sky
355,Saint-Augustin,CA,51.226,-58.6502,37.2,96,100,14.14,overcast clouds
356,Ha Giang,VN,22.8333,104.9833,74.91,97,100,1.45,light rain
357,Zdzieszowice,PL,50.4248,18.1235,51.01,80,100,3.0,overcast clouds
358,Baruun-Urt,MN,46.6806,113.2792,43.54,30,83,15.37,broken clouds
359,Saint George,US,37.1041,-113.5841,87.01,17,99,8.99,overcast clouds
360,Santa Rosa,PH,14.3122,121.1114,82.4,74,75,6.91,broken clouds
361,Jos,NG,9.9167,8.9,80.96,19,100,2.3,overcast clouds
362,Tongchuan,CN,35.0806,109.0897,67.21,31,100,12.06,overcast clouds
363,Sao Jose De Ribamar,BR,-2.5619,-44.0542,80.6,83,75,4.61,broken clouds
364,Kiunga,PG,-6.1219,141.2906,71.98,99,89,1.28,light rain
365,Anshun,CN,26.25,105.9333,64.0,88,94,11.77,overcast clouds
366,Yerofey Pavlovich,RU,53.9667,121.9667,36.28,84,100,2.37,overcast clouds
367,Hvolsvollur,IS,63.7533,-20.2243,37.4,75,75,25.32,broken clouds
368,Estelle,US,29.8458,-90.1067,81.0,54,1,13.8,clear sky
369,Codrington,AU,-38.2667,141.9667,59.4,76,100,10.09,light rain
370,Foam Lake,CA,51.65,-103.5343,66.2,22,27,4.61,scattered clouds
371,Tazovskiy,RU,67.4667,78.7,29.88,86,100,3.74,overcast clouds
372,Pangody,RU,65.85,74.4859,27.43,90,100,7.67,overcast clouds
373,Okhotsk,RU,59.3833,143.3,31.44,88,99,0.72,overcast clouds
374,Tortoli,IT,39.9256,9.6572,68.0,52,90,19.57,overcast clouds
375,Newport,GB,51.5877,-2.9984,52.0,75,48,5.06,light rain
376,Touros,BR,-5.1989,-35.4608,84.2,61,20,14.97,few clouds
377,La Ronge,CA,55.1001,-105.2842,51.8,58,62,9.22,broken clouds
378,Saint-Georges,GD,12.0564,-61.7485,86.0,62,40,23.02,scattered clouds
379,West Wendover,US,40.7391,-114.0733,69.8,28,1,4.61,clear sky
380,Port Lincoln,AU,-34.7333,135.8667,61.61,69,100,13.78,overcast clouds
381,Sao Joao Da Barra,BR,-21.6403,-41.0511,75.2,73,20,6.91,few clouds
382,Havoysund,NO,70.9963,24.6622,32.0,74,75,8.05,light snow
383,Iranshahr,IR,27.2025,60.6848,66.2,94,90,6.91,overcast clouds
384,Grand Gaube,MU,-20.0064,57.6608,75.0,88,3,3.0,light rain
385,Pitelino,RU,54.5777,41.8145,42.75,77,42,5.06,scattered clouds
386,Puerto Escondido,MX,15.85,-97.0667,86.0,70,40,14.97,scattered clouds
387,Pagegiai,LT,55.1381,21.9089,40.53,70,70,3.78,broken clouds
388,Kontagora,NG,10.3999,5.4695,92.93,23,9,4.63,clear sky
389,Russell,US,32.3502,-85.1999,80.6,29,1,4.61,clear sky
390,Darhan,MN,49.4867,105.9228,43.23,82,98,12.59,overcast clouds
391,Bourail,NC,-21.5667,165.4833,69.12,83,99,3.83,overcast clouds
392,Shingu,JP,33.7333,135.9833,53.51,68,18,13.56,few clouds
393,Boyolangu,ID,-8.1181,111.8935,75.33,90,57,1.23,broken clouds
394,Bengkulu,ID,-3.8004,102.2655,75.51,89,85,4.52,overcast clouds
395,Yushan,CN,31.3776,120.9543,62.01,77,0,6.71,light rain
396,Sarangani,PH,5.4033,125.4636,82.9,73,100,17.94,overcast clouds
397,Ostersund,SE,63.1792,14.6357,37.0,48,40,6.91,scattered clouds
398,Kaeo,NZ,-35.1,173.7833,48.0,94,1,3.0,clear sky
399,Lumberton,US,34.6182,-79.0086,73.4,16,1,8.05,clear sky
400,Macia,MZ,-25.0269,33.0989,71.51,52,100,10.76,overcast clouds
401,Dingle,PH,10.9995,122.6711,76.6,87,6,6.6,light rain
402,Padang,ID,-0.9492,100.3543,78.19,85,79,4.07,broken clouds
403,Yulara,AU,-25.2406,130.9889,57.2,44,28,8.05,scattered clouds
404,Bathsheba,BB,13.2167,-59.5167,84.2,54,20,18.41,few clouds
405,Xiangxiang,CN,27.7333,112.5333,71.71,74,100,1.3,light rain
406,Juneau,US,58.3019,-134.4197,46.4,61,75,3.44,light rain
407,Mawlaik,MM,23.6333,94.4167,74.62,79,56,0.83,broken clouds
408,Poltavka,RU,54.3663,71.7632,43.9,41,24,8.57,few clouds
409,Beringovskiy,RU,63.05,179.3167,20.21,87,97,12.64,overcast clouds
410,Sundargarh,IN,22.1167,84.0333,80.01,58,92,7.05,overcast clouds
411,Sioux Lookout,CA,50.1001,-91.917,60.8,36,40,4.61,scattered clouds
412,Halifax,CA,44.6453,-63.5724,53.01,62,100,11.5,light rain
413,Yurla,RU,59.3259,54.3223,41.09,86,100,6.26,overcast clouds
414,Longyearbyen,SJ,78.2186,15.6401,21.2,63,20,9.22,few clouds
415,Seddon,AU,-37.8068,144.8916,61.0,63,64,10.36,broken clouds
416,Pueblo Nuevo,MX,23.3833,-105.3833,71.85,13,0,8.7,clear sky
417,Bridlington,GB,54.0831,-0.1919,46.4,61,75,6.91,broken clouds
418,Bend,US,44.0582,-121.3153,55.4,62,75,13.8,broken clouds
419,Kanniyakumari,IN,8.0833,77.5667,83.16,77,92,6.15,overcast clouds
420,Port-Cartier,CA,50.0334,-66.8654,46.99,61,100,18.41,overcast clouds
421,Ahipara,NZ,-35.1667,173.1667,54.27,78,0,7.45,clear sky
422,Baykit,RU,61.67,96.37,33.46,95,100,4.38,overcast clouds
423,River Falls,US,44.8614,-92.6238,81.0,31,1,8.05,clear sky
424,Arlit,NE,18.7369,7.3853,94.05,4,0,6.42,clear sky
425,Raudeberg,NO,61.9875,5.1352,43.0,70,10,19.1,clear sky
426,Istok,XK,42.7808,20.4875,68.0,52,75,2.3,broken clouds
427,Inhambane,MZ,-23.865,35.3833,71.6,88,40,11.5,scattered clouds
428,Sola,VU,-13.8833,167.55,80.6,83,90,9.22,overcast clouds
429,Bela,IN,25.9333,81.9833,89.33,26,100,8.34,overcast clouds
430,Limanowa,PL,49.7059,20.422,53.01,90,100,2.3,overcast clouds
431,Kangaba,ML,11.9333,-8.4167,93.78,31,60,1.57,broken clouds
432,Cordoba,AR,-31.4135,-64.1811,80.6,36,0,5.75,clear sky
433,Chernyshevskiy,RU,63.0128,112.4714,31.1,99,100,3.85,light snow
434,Vestmannaeyjar,IS,63.4427,-20.2734,37.4,75,75,25.32,broken clouds
435,San Quintin,MX,30.4833,-115.95,68.27,65,100,15.77,overcast clouds
436,Kokopo,PG,-4.352,152.2633,75.88,85,86,3.78,overcast clouds
437,Quatre Cocos,MU,-20.2078,57.7625,75.0,94,20,4.61,light rain
438,Kholodnyy,RU,62.7167,147.95,27.14,96,100,1.16,overcast clouds
439,Adrar,MR,20.5022,-10.0711,90.75,19,21,14.58,few clouds
440,Kupang,ID,-10.1667,123.5833,75.51,82,21,8.12,few clouds
441,Ferrol,ES,43.4832,-8.2369,55.99,65,3,1.99,clear sky
442,Talcahuano,CL,-36.7167,-73.1167,59.0,82,90,4.61,moderate rain
443,Rio Gallegos,AR,-51.6226,-69.2181,44.6,70,0,3.44,clear sky
444,Colombia,CU,20.9881,-77.4297,89.6,45,40,8.05,scattered clouds
445,Villa Maria,AR,-32.4075,-63.2402,73.53,53,0,14.45,clear sky
446,Pangnirtung,CA,66.1451,-65.7125,44.6,57,75,9.22,broken clouds
447,Cairns,AU,-16.9167,145.7667,73.4,83,90,12.66,overcast clouds
448,Wahiawa,US,21.5028,-158.0236,78.01,78,40,5.75,scattered clouds
449,Xingcheng,CN,40.6167,120.7167,47.82,37,0,8.43,clear sky
450,Novobiryusinskiy,RU,56.9578,97.7076,30.79,95,11,1.21,few clouds
451,Hirara,JP,24.8,125.2833,74.88,79,99,6.91,overcast clouds
452,Birsk,RU,55.4211,55.5428,55.56,52,100,17.83,overcast clouds
453,Ancud,CL,-41.8697,-73.8203,60.01,82,75,12.66,light rain
454,Valparaiso,CL,-33.0393,-71.6273,66.2,55,0,5.75,clear sky
455,Pravia,ES,43.4906,-6.1508,55.99,66,40,3.44,scattered clouds
456,Neryungri,RU,56.6709,124.6491,24.51,97,100,3.15,overcast clouds
457,Arkhangelsk,RU,64.5401,40.5433,32.0,69,40,6.71,snow
458,Saint-Paul,RE,-21.0096,55.2707,75.2,78,0,6.91,clear sky
459,Merauke,ID,-8.4667,140.3333,76.37,90,68,10.36,broken clouds
460,Nemuro,JP,43.3236,145.575,37.33,87,100,9.4,moderate rain
461,Tiznit,MA,29.5833,-9.5,58.5,67,100,6.82,overcast clouds
462,Vitim,RU,59.4511,112.5578,32.97,99,100,3.13,overcast clouds
463,Asyut,EG,27.181,31.1837,88.66,9,1,9.31,clear sky
464,Ihosy,MG,-22.4,46.1167,66.45,83,100,4.21,overcast clouds
465,Auki,SB,-8.7676,160.7034,76.23,86,100,3.24,overcast clouds
466,Hokitika,NZ,-42.7167,170.9667,47.44,84,30,4.21,scattered clouds
467,Fairbanks,US,64.8378,-147.7164,35.01,51,90,4.61,overcast clouds
468,Cabedelo,BR,-6.9811,-34.8339,84.2,74,40,12.66,scattered clouds
469,Celestun,MX,20.8667,-90.4,89.04,50,5,9.42,clear sky
470,Saiha,IN,22.4833,92.9667,66.63,95,0,3.18,clear sky
471,Coahuayana,MX,18.7333,-103.6833,80.6,50,20,8.46,few clouds
472,Rabo De Peixe,PT,37.8,-25.5833,60.8,88,75,13.8,broken clouds
473,Ngunguru,NZ,-35.6167,174.5,48.0,94,0,3.0,clear sky
474,Kushima,JP,31.4583,131.2333,53.01,71,9,11.01,clear sky
475,Marzuq,YE,14.4,46.4667,70.92,73,100,10.65,overcast clouds
476,Yantzaza,EC,-3.8278,-78.7594,78.42,76,21,2.86,light rain
477,Port Hawkesbury,CA,45.6169,-61.3485,42.01,93,90,19.57,overcast clouds
478,Porkhov,RU,57.765,29.5561,44.6,45,0,3.42,clear sky
479,Jiwani,PK,25.05,61.7417,83.03,73,1,11.65,clear sky
480,Baculin,PH,7.4525,126.5842,77.4,84,66,6.87,broken clouds
481,Launceston,AU,-41.45,147.1667,53.01,100,90,3.44,fog
482,San Carlos De Bariloche,AR,-41.1456,-71.3082,44.6,87,75,12.66,moderate rain
483,Aswan,EG,24.0934,32.907,92.05,11,0,10.58,clear sky
484,Sechura,PE,-5.5569,-80.8222,80.87,56,41,12.15,scattered clouds
485,Puerto Leguizamo,CO,-0.1934,-74.7819,71.78,96,100,1.32,overcast clouds
486,Morganton,US,35.7454,-81.6848,73.99,12,1,3.44,clear sky
487,Truth Or Consequences,US,33.1284,-107.2528,75.99,30,1,10.36,clear sky
488,Dromolaxia,CY,34.8761,33.586,73.4,68,0,8.05,clear sky
489,Mondlo,ZA,-27.983,30.7177,48.07,94,6,0.58,clear sky
490,Huarmey,PE,-10.0681,-78.1522,73.29,73,43,11.86,scattered clouds
491,Biak,ID,-0.9131,122.8766,76.42,85,93,4.34,overcast clouds
492,Murgab,TM,37.4966,61.9714,71.6,46,75,6.91,broken clouds
493,Cururupu,BR,-1.8283,-44.8683,80.82,84,65,3.38,light rain
494,Taloqan,AF,36.7361,69.5345,69.93,61,100,3.71,overcast clouds
495,General Pico,AR,-35.6566,-63.7568,72.36,39,0,6.55,clear sky
496,Sitka,US,57.0531,-135.33,44.6,76,75,3.44,light rain
497,Murray Bridge,AU,-35.1167,139.2667,57.99,89,0,2.19,clear sky
498,Wanganui,NZ,-39.9333,175.05,42.01,81,8,1.01,clear sky
499,Fort Nelson,CA,58.8053,-122.7002,48.2,53,75,10.36,broken clouds
500,Yar-Sale,RU,66.8333,70.8333,21.6,93,100,12.39,overcast clouds
501,Irgakly,RU,44.3611,44.7556,61.2,80,100,6.38,moderate rain
502,Vardo,NO,70.3705,31.1107,33.73,79,100,14.38,light snow
503,Myitkyina,MM,25.3833,97.4,68.47,96,100,1.88,overcast clouds
504,Teya,RU,60.3778,92.6267,33.78,93,100,8.32,overcast clouds
505,Lokoja,NG,7.8024,6.743,83.34,65,95,5.48,overcast clouds
506,Kenai,US,60.5544,-151.2583,42.8,52,1,4.61,clear sky
507,Great Yarmouth,GB,52.6083,1.7305,46.4,71,40,11.5,scattered clouds
508,Lata,PT,40.1629,-8.3327,62.01,55,72,5.01,broken clouds
509,Marsala,IT,37.7966,12.4352,64.4,100,100,13.8,overcast clouds
510,Vierzon,FR,47.2101,2.0625,53.6,62,0,5.75,clear sky
511,Ocos,GT,14.5094,-92.1933,89.6,66,75,3.44,broken clouds
512,Nelson Bay,AU,-32.7167,152.15,57.0,100,100,7.83,overcast clouds
513,Cabo San Lucas,MX,22.8909,-109.9124,80.01,61,1,8.05,clear sky
514,Hasaki,JP,35.7333,140.8333,60.8,94,20,11.5,few clouds
515,Sao Mateus Do Maranhao,BR,-4.0417,-44.475,78.75,88,99,2.89,overcast clouds
516,Puerto Baquerizo Moreno,EC,-0.9,-89.6,84.2,65,40,14.97,scattered clouds
517,San Vicente,AR,-26.6167,-54.1333,78.31,30,80,3.71,broken clouds
518,Tambopata,PE,-12.7333,-69.1833,86.0,54,0,3.44,clear sky
519,Watertown,US,42.3709,-71.1828,63.0,39,1,17.27,clear sky
520,Idaho Falls,US,43.4666,-112.0341,66.99,32,75,17.27,broken clouds
521,Iztapa,GT,13.9333,-90.7075,89.6,66,90,11.5,overcast clouds
522,Prince Rupert,CA,54.3161,-130.3201,48.2,81,90,6.91,light rain
523,Bahar,IR,34.9072,48.4414,57.51,38,4,4.25,clear sky
524,Parker,US,32.7668,-97.8003,70.0,90,100,1.01,overcast clouds
525,Neka,IR,36.6508,53.299,61.14,88,100,3.65,overcast clouds
526,Parana,AR,-31.732,-60.5238,82.99,41,0,5.99,clear sky
527,Corinto,GR,37.9407,22.9573,70.0,62,58,5.88,broken clouds
528,Springfield,US,37.2153,-93.2982,78.01,37,77,11.01,broken clouds
529,Crisan,RO,44.9667,29.4667,59.0,82,20,8.05,few clouds
530,Owak,PH,10.55,123.7,82.4,74,40,4.61,scattered clouds
531,Talaya,RU,61.3833,152.75,26.58,95,100,1.28,overcast clouds
532,Gunjur,GM,13.2019,-16.7339,80.6,57,0,13.8,clear sky
533,Sept-Iles,CA,50.2001,-66.3821,46.99,61,100,18.41,overcast clouds
534,Bom Jesus,BR,-9.0744,-44.3586,87.91,44,80,8.97,broken clouds
535,Walvis Bay,NA,-22.9575,14.5053,62.6,77,0,4.61,clear sky
536,Paka,MY,4.6374,103.4368,77.0,94,14,3.62,few clouds
537,Ranong,TH,9.9658,98.6348,79.39,86,71,3.62,broken clouds
538,Goderich,CA,43.7501,-81.7165,50.0,43,100,16.11,overcast clouds
539,Port Hardy,CA,50.6996,-127.4199,50.0,76,75,5.75,broken clouds
540,Challapata,BO,-18.9,-66.7667,53.22,11,26,7.38,scattered clouds
541,Udachnyy,RU,66.4167,112.4,31.3,98,100,7.74,light snow
542,Cascais,PT,38.6979,-9.4215,59.0,55,20,14.97,few clouds
543,Luanda,AO,-8.8368,13.2343,78.8,83,75,6.91,broken clouds
544,Naron,ES,43.5167,-8.1528,55.99,54,20,9.22,few clouds
545,Lima,PE,-12.0432,-77.0282,73.0,78,75,6.91,broken clouds
546,Honningsvag,NO,70.9821,25.9704,33.85,72,100,20.51,overcast clouds
547,Kantunilkin,MX,21.0917,-87.45,87.8,55,40,13.8,scattered clouds
548,Nalut,LY,30.3333,10.85,86.25,17,100,11.18,overcast clouds
549,Chifeng,CN,42.2683,118.9636,39.06,40,8,7.0,clear sky
550,Kedougou,SN,12.5579,-12.1743,105.8,21,0,3.94,clear sky
551,Nantucket,US,41.2835,-70.0995,55.4,58,1,20.71,clear sky
552,Sinegorye,RU,62.0788,150.477,27.86,95,100,0.85,overcast clouds
553,Ajdabiya,LY,30.7554,20.2263,93.33,10,0,9.95,clear sky
554,Caravelas,BR,-17.7125,-39.2481,77.76,61,77,10.33,broken clouds
555,Batticaloa,LK,7.7102,81.6924,81.14,82,100,10.36,overcast clouds
556,Sala Consilina,IT,40.3912,15.5989,63.0,78,67,7.0,broken clouds
557,Fomboni,KM,-12.28,43.7425,82.8,75,39,8.9,scattered clouds
558,Aykhal,RU,66.0,111.5,30.61,98,100,5.3,overcast clouds
559,Riachao Das Neves,BR,-11.7461,-44.91,87.37,38,100,7.78,overcast clouds
560,Yerbogachen,RU,61.2767,108.0108,26.42,98,100,2.86,overcast clouds
561,Stefan Cel Mare,RO,46.9833,26.5167,64.99,60,100,2.98,overcast clouds
562,Seydi,TM,39.4816,62.9137,74.07,34,52,7.94,broken clouds
563,Sur,OM,22.5667,59.5289,81.91,61,5,13.42,clear sky
564,Buin,CL,-33.7333,-70.75,62.6,55,75,4.61,haze
565,Kuytun,RU,54.3419,101.5036,40.33,70,100,5.01,overcast clouds
566,Port Macquarie,AU,-31.4333,152.9167,57.99,100,40,3.53,scattered clouds
567,Derzhavinsk,KZ,51.1,66.3167,52.56,43,42,9.31,scattered clouds
568,Mandurah,AU,-32.55,115.7,55.0,75,0,6.93,clear sky
569,Iracoubo,GF,5.4802,-53.2011,80.15,84,40,10.83,scattered clouds
570,Rio Grande,BR,-32.035,-52.0986,78.8,53,0,11.5,clear sky
571,Sao Jose Da Coroa Grande,BR,-8.8978,-35.1478,80.51,77,100,10.13,overcast clouds
572,Hauterive,FR,46.0901,3.4459,48.99,81,75,4.61,broken clouds
573,Kahului,US,20.8947,-156.47,75.2,73,20,13.8,few clouds
574,Srednekolymsk,RU,67.45,153.6833,12.38,92,6,6.02,clear sky
575,Scarborough,GB,54.2797,-0.4044,45.0,71,5,1.01,clear sky
576,Ewo,CG,-0.8725,14.8206,73.67,91,23,3.87,few clouds
577,Khandyga,RU,62.6667,135.6,29.52,98,100,2.44,overcast clouds
578,Mackenzie,CA,55.2999,-123.1698,46.4,61,40,4.61,scattered clouds
579,Anadyr,RU,64.75,177.4833,12.2,85,40,6.71,light snow
580,San Matias,BO,-16.3667,-58.4,90.52,38,0,3.2,clear sky
581,Synya,RU,65.3718,58.0387,35.87,94,100,12.62,overcast clouds
582,Lazaro Cardenas,MX,17.9583,-102.2,84.61,58,100,11.21,overcast clouds
583,Dicabisagan,PH,17.0818,122.4157,75.54,90,10,2.91,clear sky
584,Kalmunai,LK,7.4167,81.8167,80.56,83,100,7.94,overcast clouds
585,Copiapo,CL,-27.3667,-70.3333,66.2,55,0,13.8,clear sky
586,Mayor Pablo Lagerenza,PY,-19.9309,-60.7718,92.82,27,0,11.97,clear sky
587,Abha,SA,18.2164,42.5053,68.0,26,20,3.24,light rain
588,Nogliki,RU,51.8333,143.1667,30.92,96,100,17.36,light snow
589,Diego De Almagro,CL,-26.3667,-70.05,75.67,19,60,10.74,broken clouds
590,Bayangol,RU,50.6977,103.4656,33.71,96,100,4.88,light snow
591,Suraia,RO,45.6833,27.4,65.59,73,100,7.81,overcast clouds
592,Vila Do Maio,CV,15.1333,-23.2167,77.0,61,20,23.02,few clouds
593,Rincon,US,32.296,-81.2354,77.0,46,20,13.8,few clouds
594,Mayo,US,38.8876,-76.5119,66.0,25,1,11.5,clear sky
595,Shache,CN,38.4167,77.2406,73.38,13,6,7.78,clear sky
596,Axim,GH,4.8699,-2.2405,82.63,81,96,12.35,overcast clouds
597,Spornoye,RU,50.8448,37.2913,59.0,47,0,6.71,clear sky
598,San Andres,CO,12.5847,-81.7006,86.0,66,20,11.5,few clouds
599,Acajutla,SV,13.5928,-89.8275,84.2,61,20,3.44,few clouds
600,Alta Floresta,BR,-9.8756,-56.0861,91.4,52,40,5.75,scattered clouds
601,Luba,GQ,3.4568,8.5547,82.31,81,56,6.44,broken clouds
602,Galle,LK,6.0367,80.217,80.38,80,84,0.4,broken clouds
603,Mahon,ES,39.8885,4.2658,59.0,77,20,9.22,few clouds
604,Annapolis,US,38.9785,-76.4922,66.0,25,1,11.5,clear sky
605,Adre,TD,13.4667,22.2,87.96,10,100,11.88,overcast clouds
606,Januaria,BR,-15.4833,-44.3667,82.06,43,100,5.91,overcast clouds
607,Gorontalo,ID,0.5412,123.0595,74.62,94,90,2.35,overcast clouds
608,Rio Cuarto,AR,-33.1307,-64.3499,77.0,31,0,5.75,clear sky
609,Buzmeyin,TM,38.0507,58.2056,75.2,53,75,6.91,broken clouds
610,Maniitsoq,GL,65.4167,-52.9,38.66,67,1,6.4,clear sky
611,Isangel,VU,-19.55,169.2667,77.0,83,75,5.75,broken clouds
612,Usinsk,RU,65.9939,57.5281,35.47,97,100,20.11,overcast clouds
613,Sungaipenuh,ID,-2.0833,101.3833,64.58,96,80,4.05,broken clouds
614,Gazojak,TM,41.1875,61.4036,68.41,26,0,10.76,clear sky
615,Vega De Alatorre,MX,20.0333,-96.6333,80.98,77,58,6.2,broken clouds
616,Arkadelphia,US,34.1209,-93.0538,77.0,50,75,4.61,broken clouds
617,Mnogovershinnyy,RU,53.9353,139.9242,26.49,97,100,5.5,overcast clouds
618,Tessalit,ML,20.1986,1.0114,94.14,17,18,11.7,few clouds
619,Omboue,GA,-1.5746,9.2618,79.61,88,67,7.16,broken clouds
620,Aripuana,BR,-9.1667,-60.6333,83.59,73,84,0.85,broken clouds
621,Big Bend,SZ,-26.8167,31.9333,59.65,85,64,4.32,broken clouds
622,Porto Novo,BJ,6.4965,2.6036,86.0,79,40,14.97,scattered clouds
623,Chake Chake,TZ,-5.2459,39.7666,78.31,85,52,7.27,broken clouds
624,Joshimath,IN,30.5667,79.5667,57.94,61,90,6.96,overcast clouds
625,Eagle Pass,US,28.7091,-100.4995,69.01,94,75,13.8,broken clouds
626,Manresa,ES,41.725,1.8266,59.0,65,49,7.61,scattered clouds
627,Mandera,KE,3.9366,41.867,80.71,72,85,4.14,overcast clouds
628,Taldan,RU,53.6667,124.8,32.74,70,26,3.09,scattered clouds
629,Fuyang,CN,32.9,115.8167,58.08,56,18,13.67,light rain
630,Sabang,ID,5.8933,95.3214,84.36,73,24,13.42,few clouds
631,Fenoarivo,MG,-18.933,47.4354,64.4,94,20,5.75,light rain
632,Nuuk,GL,64.1835,-51.7216,41.0,70,20,6.96,few clouds
633,Mehendiganj,BD,22.8167,90.5333,79.54,74,35,10.58,scattered clouds
634,Guane,CU,22.2025,-84.0875,89.64,45,48,6.78,scattered clouds
635,Markova,UA,48.6758,24.4138,60.8,67,40,4.47,scattered clouds
636,Alihe,CN,50.5667,123.7167,36.61,82,4,1.88,clear sky
637,Hofn,IS,64.2539,-15.2082,38.14,67,100,17.05,light rain
638,Mitu,CO,1.1983,-70.1733,79.05,80,77,4.63,broken clouds
639,Marystown,CA,47.1666,-55.1483,39.0,91,100,28.27,overcast clouds
640,Kisangani,CD,0.5167,25.2,82.4,78,40,0.87,scattered clouds
641,Biu,NG,10.6129,12.1946,88.39,23,85,2.51,overcast clouds
642,Osoyoos,CA,49.0331,-119.4524,64.4,29,44,10.36,scattered clouds
643,Fort Smith,US,35.3859,-94.3986,75.2,50,75,9.22,broken clouds
644,Henties Bay,NA,-22.116,14.2845,62.01,87,0,3.0,clear sky
645,Santa Vitoria Do Palmar,BR,-33.5189,-53.3681,73.02,55,2,4.14,clear sky
646,Ulaangom,MN,49.9811,92.0667,44.02,43,100,10.02,overcast clouds
647,Comodoro Rivadavia,AR,-45.8667,-67.5,68.0,28,40,23.02,scattered clouds
648,Mandiana,GN,10.6333,-8.6833,91.26,34,71,3.06,light rain
649,Sharan,RU,54.8167,54.0,55.78,54,100,18.57,light rain
650,Salvador,SV,13.8333,-88.9167,89.6,66,20,4.61,few clouds
651,Polysayevo,RU,54.6012,86.2459,37.98,84,99,14.61,light snow
652,San Rafael,AR,-34.6177,-68.3301,71.19,40,56,10.96,broken clouds
653,La Palma,US,33.8464,-118.0467,73.0,64,75,8.05,broken clouds
654,Kuching,MY,1.55,110.3333,78.8,89,20,2.3,few clouds
655,Nhulunbuy,AU,-12.2333,136.7667,78.8,78,75,4.61,broken clouds
656,Oktyabrskiy,RU,54.4815,53.471,56.43,50,100,15.93,overcast clouds
657,Offa,NG,8.15,4.7167,79.88,66,92,8.19,overcast clouds
658,Bull Savanna,JM,17.8868,-77.5902,83.07,59,69,13.15,broken clouds
659,Candolim,IN,15.5181,73.7626,80.31,81,6,5.35,very heavy rain
660,Gornopravdinsk,RU,60.05,69.9,43.23,43,100,14.05,overcast clouds
661,Pedernales,DO,18.0384,-71.744,84.04,64,15,5.3,few clouds
662,Vilyuysk,RU,63.7553,121.6247,33.76,98,100,5.95,overcast clouds
663,Santa Cruz,BO,-17.8,-63.1667,84.2,42,0,14.97,clear sky
664,Nguru,NG,12.8791,10.4526,94.06,7,6,6.64,clear sky
665,Finschhafen,PG,-6.6024,147.8681,78.55,80,14,3.98,few clouds
666,Changchun,CN,43.88,125.3228,37.4,81,0,2.24,clear sky
667,Koumac,NC,-20.5667,164.2833,72.21,83,97,4.61,overcast clouds
668,Juterbog,DE,51.9833,13.0833,54.0,58,99,5.75,overcast clouds
669,Batemans Bay,AU,-35.7167,150.1833,55.99,96,100,4.0,overcast clouds
670,Chippewa Falls,US,44.9369,-91.3929,82.4,24,1,11.5,clear sky
671,Manokwari,ID,-0.8667,134.0833,78.42,81,100,4.47,overcast clouds
672,Palauig,PH,15.435,119.9045,79.79,78,6,4.23,clear sky
673,Nawalgarh,IN,27.85,75.2667,83.39,29,98,9.55,overcast clouds
674,Mackay,AU,-21.15,149.2,68.0,88,40,8.05,scattered clouds
675,Pochutla,MX,15.7432,-96.4661,91.99,58,75,17.27,broken clouds
676,Nyagan,RU,62.1406,65.3936,47.26,89,100,13.65,moderate rain
677,Hay River,CA,60.8156,-115.7999,26.6,86,100,10.36,overcast clouds
678,Almaznyy,RU,48.0448,40.045,59.0,77,0,8.95,clear sky
679,Redding,US,40.5865,-122.3917,73.99,40,1,5.75,clear sky
680,Skrunda,LV,56.6833,22.0167,41.0,56,0,3.44,clear sky
681,Namanyere,TZ,-7.5167,31.05,61.5,95,100,3.56,light rain
682,Bima,ID,-8.4667,118.7167,75.02,92,100,2.46,overcast clouds
683,Escarcega,MX,18.6089,-90.7454,102.85,24,76,3.47,broken clouds
684,Xichang,CN,27.8964,102.2634,61.41,76,100,2.71,overcast clouds
685,Marfino,RU,55.7028,37.3822,48.2,40,0,2.24,clear sky
686,Mbandaka,CD,0.0487,18.2603,72.7,94,30,2.95,scattered clouds
687,Losone,CH,46.1687,8.7593,51.8,100,75,2.3,heavy intensity rain
688,Pacific Grove,US,36.6177,-121.9166,59.0,77,90,11.5,overcast clouds
